Acarospora_strigata_CBS_132363.v0_2.aa.fasta
Acidomyces_richmondensis_BFW.Aciri1_iso.aa.fasta
Acremonium_alcalophilum.Acral2.v2.aa.fasta
Agaricostilbum_hyphaenes_ATCC_MYA-4628.Agahy1.v1.aa.fasta
Agaricus_bisporus_var_bisporus_H97.Agabi_varbisH97_2.v2.aa.fasta
Ajellomyces_capsulatus_NAm1.aa.fasta
Allomyces_macrogynus_ATCC_38327.v3.aa.fasta
Amanita_muscaria_Koide.Amamu1.v1.aa.fasta
Amanita_thiersii_Skay4041.Amath1.v1.aa.fasta
Amniculicola_lignicola_CBS_123094.Amnli1.v1.aa.fasta
Amorphotheca_resinae_ATCC_22711.Amore1.v1.aa.fasta
Anthostoma_avocetta_NRRL_3190.Antav1.v1.aa.fasta
Antonospora_locustae_HM-2013.Antlo1.aa.fasta
Apiospora_montagnei_NRRL_25634.Apimo1.v1.aa.fasta
Aplosporella_prunicola_CBS_121.167.Aplpr1.v1.aa.fasta
Aporpium_caryae_L-13461.Elmca1.aa.fasta
Archaeorhizomyces_borealis_CBS_138755.v1.aa.fasta
Archaeorhizomyces_finlayi_CBS_128710.v2.aa.fasta
Armillaria_mellea_DSM_3731.Armme1_1.aa.fasta
Arthrobotrys_oligospora_ATCC_24927.Artol1.aa.fasta
Arthroderma_benhamiae_CBS_112371.aa.fasta
Artolenzites_elegans_CIRM1663.Artel1.v1.aa.fasta
Ascobolus_immersus_RN42.Ascim1.v1.aa.fasta
Ascocoryne_sarcoides_NRRL_50072.Ascsa1.aa.fasta
Ascodesmis_nigricans_CBS_389.68.Ascni1.v1.aa.fasta
Ascosphaera_apis_ARSEF_7405.v1.aa.fasta
Ashbya_gossypii_FDAG1.aa.fasta
Aspergillus_fumigatus_Af293.aa.fasta
Aspergillus_niger_ATCC_1015.Aspni7.v4.aa.fasta
Atractiellales_sp_PMI_95.Atrsp2.v2.aa.fasta
Aulographum_hederae_CBS_113979.Aulhe2.v2.aa.fasta
Aureobasidium_pullulans_var_pullulans_EXF-150.Aurpu_var_pul1.aa.fasta
Auricularia_subglabra_TFB10046_SS-5.Aurde3_1.v2.aa.fasta
Auriscalpium_vulgare_FP105234-Sp.Aurvu1.v1.aa.fasta
Backusella_circina_FSU_941.Bacci1.v1.aa.fasta
Batrachochytrium_dendrobatidis_JAM81.Batde5.v1.aa.fasta
Baudoinia_compniacensis_UAMH_10762.Bauco1.v1.aa.fasta
Beauveria_bassiana_ARSEF_2860.Beaba1.aa.fasta
Bimuria_novae-zelandiae_CBS_107.79.Bimnz1.v1.aa.fasta
Bjerkandera_adusta_HHB-12826-SP_SB-22.Bjead1_1.v1.aa.fasta
Blastobotrys_adeninivorans_LS3.Arxad1.aa.fasta
Blumeria_graminis_f_sp_hordei_DH14.Blugr1.aa.fasta
Boletus_edulis_BED1.Boled1.v1.aa.fasta
Botryobasidium_botryosum_FD-172_SS1.Botbo1.v1.aa.fasta
Botryosphaeria_dothidea_CBS_115476.Botdo1_1.aa.fasta
Botrytis_cinerea_B05.10.aa.fasta
Byssothecium_circinans_CBS_675.92.Bysci1.v1.aa.fasta
Cadophora_sp_DSE1049.Cadsp1.v1.aa.fasta
Caliciopsis_orientalis_CBS_138_64.v1.aa.fasta
Calocera_cornea_HHB12733.Calco1.v1.aa.fasta
Calosphaeria_pulchella.aa.fasta
Candida_albicans_SC5314.aa.fasta
Capronia_coronata_CBS_617.96.aa.fasta
Catenaria_anguillulae_PL171.Catan1.v1.aa.fasta
Cenococcum_geophilum_1.58.Cenge3.v2.aa.fasta
Cephaloascus_albidus_ATCC_66658.Cepal1_1.v1.aa.fasta
Chaetomium_globosum_CBS_148.51.aa.fasta
Chaetosphaeria_innumera.aa.fasta
Chalara_longipes_BDJ.Chalo1.v1.aa.fasta
Chionosphaera_apobasidialis_52639.Chiap1.v1.aa.fasta
Choiromyces_venosus_120613-1.Chove1.v1.aa.fasta
Cladonia_grayi_Cgr-DA2myc-ss.Clagr3.v2.aa.fasta
Cladosporium_fulvum_CBS_131901.Clafu1.v1.aa.fasta
Cladosporium_sphaerospermum_UM_843.aa.fasta
Clathrospora_elynae_CBS_161.51.Clael1.v1.aa.fasta
Claviceps_purpurea_20.1.aa.fasta
Clavicorona_pyxidata_HHB10654.Clapy1.v1.aa.fasta
Clavispora_lusitaniae_ATCC_42720.aa.fasta
Clavulina_sp_PMI_390.ClaPMI390.v1.aa.fasta
Clonostachys_rosea_CBS_125111.Cloro1.v1.aa.fasta
Coccidioides_immitis_RS.aa.fasta
Cochliobolus_heterostrophus_C5.aa.fasta
Coemansia_reversa_NRRL_1564.Coere1.v1.aa.fasta
Colletotrichum_graminicola_M1.001.v1.aa.fasta
Colletotrichum_higginsianum_IMI_49063.v1.aa.fasta
Conidiobolus_coronatus_NRRL_28638.Conco1.v1.aa.fasta
Coniochaeta_ligniaria_CBS_111746.aa.fasta
Coniophora_puteana_RWD-64-598_SS2.Conpu1.v1.aa.fasta
Coprinopsis_cinerea_okayama7_130.aa.fasta
Cordyceps_militaris_CM01.Cormi1.aa.fasta
Corollospora_maritima_CBS_119819.Corma2.v2.aa.fasta
Cortinarius_glaucopus_AT_2004_276.Corgl3.v2.aa.fasta
Corynespora_cassiicola_CCP.Corca1.v1.aa.fasta
Cryphonectria_parasitica_EP155.Crypa2.v2.aa.fasta
Cryptococcus_neoformans_var._neoformans_JEC21.aa.fasta
Cucurbitaria_berberidis_CBS_394.84.Cucbe1.v1.aa.fasta
Cyberlindnera_jadinii_NRRL_Y-1542.Cybja1.v1.aa.fasta
Cylindrobasidium_torrendii_FP15055_ss-10.Cylto1.v1.aa.fasta
Cyphellophora_europaea_CBS_101466.aa.fasta
Dacryopinax_sp_DJM-731_SS1.Dacsp1.v1.aa.fasta
Daldinia_eschscholzii_EC12.DalEC12_1.v1.aa.fasta
Debaryomyces_hansenii_CBS_767.aa.fasta
Dekkera_bruxellensis_CBS_2499.Dekbr2.v2.aa.fasta
Delitschia_confertaspora_ATCC_74209.Delco1.v1.aa.fasta
Dendrothele_bispora_CBS_962.96.Denbi1.v1.aa.fasta
Dibaeis_baeomyces.v0_1.aa.fasta
Dichomitus_squalens_LYAD-421_SS1.Dicsq1.v1.aa.fasta
Didymella_exigua_CBS_183.55.Didex1.v1.aa.fasta
Dissoconium_aciculare_CBS_342.82.Disac1.v1.aa.fasta
Dothidotthia_symphoricarpi_CBS_119687.Dotsy1.v1.aa.fasta
Dothistroma_septosporum_NZE10.Dotse1.v1.aa.fasta
Encephalitozoon_cuniculi_GB-M1.Enccu1.aa.fasta
Encephalitozoon_hellem_ATCC_50504.Enche1.aa.fasta
Encephalitozoon_intestinalis_ATCC_50506.Encin1.aa.fasta
Encephalitozoon_romaleae_SJ-2008.Encro1.aa.fasta
Endocarpon_pallidulum_Enpa.v0_1.aa.fasta
Enterocytozoon_bieneusi_H348.Entbi1.aa.fasta
Epichloe_festucae_E894.vM3.aa.fasta
Eremomyces_bilateralis_CBS_781.70.Erebi1.v1.aa.fasta
Eutypa_lata_UCREL1.v1.aa.fasta
Exidia_glandulosa_HHB12029.Exigl1.v1.aa.fasta
Exobasidium_vaccinii_MPITM.Exova1.v1.aa.fasta
Exophiala_dermatitidis_NIH_UT8656.aa.fasta
Fellomyces_polyborus.aa.fasta
Fibroporia_radiculosa_TFFH_294.aa.fasta
Fibulorhizoctonia_sp_CBS_109695.Fibsp1.v1.aa.fasta
Fistulina_hepatica_ATCC_64428.Fishe1.v1.aa.fasta
Fomitiporia_mediterranea_MF3-22.Fomme1.v1.aa.fasta
Fomitopsis_pinicola_FP-58527_SS1.Fompi3.v3.aa.fasta
Fusarium_fujikuroi_IMI58289.aa.fasta
Fusarium_graminearum_PH-1.aa.fasta
Galerina_marginata_CBS_339.88.Galma1.v1.aa.fasta
Ganoderma_sp_10597_SS1.Gansp1.v1.aa.fasta
Glarea_lozoyensis_74030.aa.fasta
Gloeophyllum_trabeum_ATCC_11539.Glotr1_1.v1.aa.fasta
Glomerella_cingulata_23.Gloci1.v1.aa.fasta
Glonium_stellatum.Glost2.v1.aa.fasta
Gonapodya_prolifera_JEL478.Ganpr1.v1.aa.fasta
Graphis_scripta_CBS_132367.v0_1.aa.fasta
Grosmannia_clavigera_kw1407.aa.fasta
Gymnascella_aurantiaca.Gymau1.v1.aa.fasta
Gymnascella_citrina_NRRL_5970.Gymci1_1.v1.1.aa.fasta
Gymnopus_luxurians.Gymlu1.v1.aa.fasta
Gyrodon_lividus_BX.Gyrli1.v1.aa.fasta
Hebeloma_cylindrosporum_h7.Hebcy2.v2.aa.fasta
Hesseltinella_vesiculosa_NRRL_3301.Hesve1.v1.aa.fasta
Heterobasidion_annosum_TC_32-1.Hetan2.v2.aa.fasta
Heterogastridium_pycnidioideum_ATCC_MYA-4631.Hetpy1.v1.aa.fasta
Holtermanniella_mycelialis.aa.fasta
Holtermanniella_takashimae.aa.fasta
Homoloaphlyctis_polyrhiza_JEL142.v2.aa.fasta
Hortaea_werneckii_EXF-2000.v2_M0.aa.fasta
Hydnomerulius_pinastri.Hydpi2.v2.aa.fasta
Hymenoscyphus_fraxineus_KW1.v1.aa.fasta
Hypholoma_sublateritium.Hypsu1.v1.aa.fasta
Hysterium_pulicare_CBS_123377.Hyspu1_1.aa.fasta
Ilyonectria_sp_PMI-82.Ilysp1.v1.aa.fasta
Jaapia_argillacea_MUCL_33604.Jaaar1.v1.aa.fasta
Jaminaea_sp_MCA_5214.Jamsp1.v1.aa.fasta
Karstenula_rhodostoma_CBS_690.94.Karrh1.v1.aa.fasta
Kazachstania_africana_CBS_2517.aa.fasta
Kluyveromyces_lactis_NRRL_Y-1140.aa.fasta
Komagataella_pastoris_GS115.aa.fasta
Kuraishia_capsulata_CBS_1993.aa.fasta
Laccaria_amethystina_LaAM-08-1.Lacam1.v1.aa.fasta
Laccaria_bicolor_S238N-H82.Lacbi2.v2.aa.fasta
Lentinus_tigrinus_ALCF2SS1-6.Lenti6_1.v1.aa.fasta
Lentithecium_fluviatile_CBS_122367.Lenfl1.v1.aa.fasta
Lepidopterella_palustris.Leppa1.v1.aa.fasta
Leptosphaeria_maculans_JN3.aa.fasta
Leucogyrophana_mollusca_KUC20120723A-06.Leumo1.v1.aa.fasta
Lichtheimia_corymbifera_FSU_9682.aa.fasta
Lichtheimia_hyalospora_FSU_10163.Lichy1.v1.aa.fasta
Lodderomyces_elongisporus_NRRL_YB-4239.aa.fasta
Lophiostoma_macrostomum_CBS_122681.Lopma1.v1.aa.fasta
Lophium_mytilinum_CBS_269.34.Lopmy1.v1.aa.fasta
Loramyces_juncicola_46458.Lorju1.v1.aa.fasta
Macrolepiota_fuliginosa.Macfu1.v1.aa.fasta
Magnaporthe_oryzae_70-15.aa.fasta
Malassezia_globosa.aa.fasta
Marssonina_brunnea_f._sp._multigermtubi_MB_m1.aa.fasta
Meira_geulakonigii.aa.fasta
Meira_miltonrushii_CBS_12591.Meimi1.v1.aa.fasta
Melampsora_laricis-populina_98AG31.Mellp1.v1.aa.fasta
Melanconium_sp_NRRL_54901.Melsp1.v1.aa.fasta
Melanomma_pulvis-pyrius_CBS_109.77.Melpu1.v1.aa.fasta
Meliniomyces_bicolor_E.Melbi2.v2.aa.fasta
Meliniomyces_variabilis_F.Melva1.v1.aa.fasta
Metarhizium_anisopliae_ARSEF_23.aa.fasta
Metschnikowia_fructicola_277.aa.fasta
Meyerozyma_guilliermondii_ATCC_6260.aa.fasta
Microascus_trigonosporus_CBS_218.31.Mictr1.v1.aa.fasta
Microbotryum_violaceum_p1A1_Lamole.aa.fasta
Millerozyma_farinosa_CBS_7064.aa.fasta
Mixia_osmundae_IAM_14324.Mixos1.v1.aa.fasta
Monacrosporium_haptotylum_CBS_200.50.Monha1.aa.fasta
Monascus_purpureus_NRRL_1596.Monpu1.v1.aa.fasta
Monascus_ruber_NRRL_1597.Monru1.v1.aa.fasta
Morchella_conica_CCBAS932.Morco1.v1.aa.fasta
Mortierella_elongata.Morel1.v1.aa.fasta
Mortierella_verticillata_NRRL_6337.aa.fasta
Mucor_circinelloides_CBS277.49.Mucci2.v2.aa.fasta
Mutinus_elegans_ME.BST.Mutel1.v1.aa.fasta
Myceliophthora_thermophila_ATCC_42464.Spoth2.v2.aa.fasta
Mycosphaerella_fijiensis_CIRAD86.Mycfi2.v2.aa.fasta
Mycosphaerella_graminicola_IPO323.Mycgr3.v2.aa.fasta
Myriangium_duriaei_CBS_260.36.Myrdu1.v1.aa.fasta
Naiadella_fluitans_ATCC_64713.Naifl1.v1.aa.fasta
Nakaseomyces_bacillisporus_CBS_7720.aa.fasta
Nakaseomyces_delphensis_CBS_2170.aa.fasta
Nectria_haematococca_FGSC_9596.aa.fasta
Nematocida_parisii_ERTm1.Nempa1.aa.fasta
Neolecta_irregularis_DAH-1.v1.aa.fasta
Neolentinus_lepideus_HHB14362_ss-1.Neole1.v1.aa.fasta
Neurospora_crassa_OR74A.aa.fasta
Niesslia_exilis_CBS_358.70.Nieex1.v1.aa.fasta
Nosema_ceranae_BRL01.Nosce1.aa.fasta
Ogataea_parapolymorpha_DL-1.aa.fasta
Oidiodendron_maius_Zn.Oidma1.v1.aa.fasta
Omphalotus_olearius_VT_653.13.Ompol1.aa.fasta
Ophiostoma_piceae_UAMH_11346.aa.fasta
Ophiostoma_piliferum.aa.fasta
Orpinomyces_sp_C1A.Orpsp1_1.aa.fasta
Paracoccidioides_brasiliensis_Pb18.aa.fasta
Patellaria_atrata_CBS_101060.Patat1.v1.aa.fasta
Paxillus_involutus_ATCC_200175.Paxin1.v1.aa.fasta
Penicillium_chrysogenum_Wisconsin_54-1255.aa.fasta
Periconia_macrospinosa_DSE2036.Perma1.v1.aa.fasta
Phaeoacremonium_aleophilum_UCRPA7.Phaal1.aa.fasta
Phaeosphaeria_nodorum_SN15.aa.fasta
Phanerochaete_chrysosporium.Phchr2.v2.2.aa.fasta
Phlebia_brevispora_HHB-7030_SS6.Phlbr1.v1.aa.fasta
Phlebiopsis_gigantea_11061_1_CR5-6.Phlgi1.v1.aa.fasta
Phycomyces_blakesleeanus_NRRL_1555.Phybl2.v2.aa.fasta
Pichia_kudriavzevii_SD108.v1.aa.fasta
Pichia_stipitis_CBS_6054.Picst3.v2.aa.fasta
Piedraia_hortae_CBS_480.64.Pieho1_1.v1.1.aa.fasta
Piloderma_croceum_F_1598.Pilcr1.v1.aa.fasta
Piriformospora_indica_DSM_11827.Pirin1.aa.fasta
Piromyces_sp_E2.PirE2_1.v1.aa.fasta
Pisolithus_tinctorius_Marx_270.Pisti1.v1.aa.fasta
Pleomassaria_siparia_CBS_279.74.Plesi1.v1.aa.fasta
Pleurotus_ostreatus_PC15.PleosPC15_2.v2.aa.fasta
Plicaturopsis_crispa_CBS_459.81.Plicr1.v1.aa.fasta
Pneumocystis_jirovecii_SE8.aa.fasta
Podospora_anserina_S_mat+.Podan2.aa.fasta
Polychaeton_citri_CBS_116435.Polci1.v1.aa.fasta
Polyplosphaeria_fusca_CBS_125425.Polfu1.v1.aa.fasta
Postia_placenta_MAD_698-R.PosplRSB12_1.v1.aa.fasta
Protomyces_inouyei.aa.fasta
Pseudographis_elatina.aa.fasta
Pseudogymnoascus_destructans_20631-21.aa.fasta
Pseudozyma_antarctica_T-34.aa.fasta
Puccinia_graminis_f._sp._tritici_CRL_75-36-700-3.aa.fasta
Puccinia_striiformis_f_sp_tritici_PST-130.Pucst1.aa.fasta
Punctularia_strigosozonata_HHB-11173_SS5.aa.fasta
Pyrenophora_tritici-repentis.aa.fasta
Pyronema_confluens_CBS_100304.Pyrco1.aa.fasta
Ramaria_rubella_UT-36052-T.Ramac1.v1.aa.fasta
Rhizoctonia_solani_AG-1_IA.aa.fasta
Rhizoctonia_solani_AG-1_IB.Rhiso1.aa.fasta
Rhizophagus_irregularis_DAOM_181602.Gloin1.v1.aa.fasta
Rhizopogon_salebrosus_TDB-379.Rhisa1.v1.aa.fasta
Rhizopogon_vinicolor_AM-OR11-026.Rhivi1.v1.aa.fasta
Rhizopus_delemar_RA_99-880.aa.fasta
Rhizopus_microsporus_var_chinensis_CCTCC_M201021.Rhich1.aa.fasta
Rhizopus_microsporus_var_microsporus_ATCC_52813.Rhimi1_1.v1.aa.fasta
Rhodosporidium_toruloides_NP11.aa.fasta
Rhodotorula_graminis_WP1.Rhoba1_1.v1.1.aa.fasta
Rhodotorula_minuta_MCA_4210.Rhomi1.v1.aa.fasta
Rhodotorula_phylloplana.aa.fasta
Rhytidhysteron_rufulum_CBS_306.38.Rhyru1_1.aa.fasta
Rozella_allomycis_CSF55.aa.fasta
Saccharata_proteae_CBS_121410.Sacpr1.v1.aa.fasta
Saccharomyces_cerevisiae_S288C.vR64-2-1.aa.fasta
Saitoella_complicata_NRRL_Y-17804.Saico1.v1.aa.fasta
Saksenaea_vasiformis_B4078.aa.fasta
Sarcoscypha_coccinea_ATCC_58028.Sarco1.v1.aa.fasta
Schizophyllum_commune_H4-8.Schco3.v3.aa.fasta
Schizopora_paradoxa_KUC8140.Schpa1.v1.aa.fasta
Schizosaccharomyces_octosporus_yFS286.aa.fasta
Schizosaccharomyces_pombe_972h-.vASM294v2.aa.fasta
Scleroderma_citrinum_Foug_A.Sclci1.v1.aa.fasta
Sclerotinia_sclerotiorum_1980_UF-70.aa.fasta
Sebacina_vermifera_MAFF_305830.Sebve1.v1.aa.fasta
Serpula_lacrymans_S7.9.SerlaS7_9_2.v2.aa.fasta
Sistotremastrum_suecicum_HHB10207_ss-3.Sissu1.v1.aa.fasta
Sordaria_macrospora_k-hell.aa.fasta
Spathaspora_passalidarum_NRRL_Y-27907.Spapa3.v2.aa.fasta
Spathularia_flavida.aa.fasta
Sphaerobolus_stellatus_SS14.Sphst1.v1.aa.fasta
Sphaerulina_musiva_SO2202.aa.fasta
Spizellomyces_punctatus_DAOM_BR117.v1.aa.fasta
Sporisorium_reilianum_SRZ2.Spore1.aa.fasta
Sporobolomyces_linderae_CBS_7893.Spoli1.v1.aa.fasta
Sporobolomyces_roseus_CBS_119925.Sporo1.v1.aa.fasta
Sporormia_fimetaria.Spofi1.v1.aa.fasta
Stagonospora_nodorum_SN15.Stano2.v2.aa.fasta
Starmera_amethionina.aa.fasta
Stereum_hirsutum_FP-91666_SS1.Stehi1.v1.aa.fasta
Suillus_brevipes.Suibr1.v1.aa.fasta
Suillus_luteus_UH-Slu-Lm8-n1.Suilu1.v1.aa.fasta
Symbiotaphrina_kochii_250.77.Symko1.v1.aa.fasta
Talaromyces_marneffei_ATCC_18224.aa.fasta
Talaromyces_stipitatus_ATCC_10500.aa.fasta
Taphrina_deformans.aa.fasta
Terfezia_boudieri_S1.Terbo2.v1.1.aa.fasta
Testicularia_cyperi_MCA_3645.Tescy1.v1.aa.fasta
Tetrapisispora_phaffii_CBS_4417.aa.fasta
Thelebolus_stercoreus.aa.fasta
Thermoascus_aurantiacus_ATCC26904.Theau1.v1.aa.fasta
Thermomyces_lanuginosus_SSBP.aa.fasta
Thielavia_terrestris_NRRL_8126.Thite2.v2.aa.fasta
Thozetella_sp_PMI_491.ThoPMI491_1.v2.aa.fasta
Tilletiaria_anomala_UBC_951.Tilan2.v1.aa.fasta
Tolypocladium_inflatum_NRRL_8044.v1.aa.fasta
Torulaspora_delbrueckii_CBS_1146.aa.fasta
Tothia_fuscella_CBS_130266.Totfu1.v1.aa.fasta
Trametes_versicolor_FP-101664_SS1.Trave1.v1.aa.fasta
Trematosphaeria_pertusa_CBS_122368.Trepe1.v1.aa.fasta
Tremella_mesenterica_Fries.Treme1.v1.aa.fasta
Trichodelitschia_bisporula_CBS_262.69.Tribi1.v1.aa.fasta
Trichoderma_atroviride_IMI_206040.Triat2.v2.aa.fasta
Trichoderma_virens_Gv29-8.TriviGv29_8_2.v2.aa.fasta
Tricholoma_matsutake_945.Trima3.v3.aa.fasta
Trichophyton_rubrum_CBS_118892.aa.fasta
Trichosporon_asahii_var._asahii_CBS_8904.aa.fasta
Trichosporon_oleaginosus_IBC0246.Triol1.v1.aa.fasta
Trinosporium_guianense_CBS_132537.Trigu1.v1.aa.fasta
Tritirachium_sp_CBS_265.96.Trisp1.v1.aa.fasta
Trypethelium_eluteriae.Tryvi1.v1.aa.fasta
Tuber_melanosporum.Tubme1.aa.fasta
Tulasnella_calospora_AL13-4D.Tulca1.v1.aa.fasta
Umbelopsis_ramanniana_NRRL_5844.Umbra1.v1.aa.fasta
Uncinocarpus_reesii_1704.aa.fasta
Ustilago_maydis_521.v190413.aa.fasta
Verticillium_dahliae_JR2.Verda1.v1.aa.fasta
Volvariella_volvacea_V23.Volvo1.aa.fasta
Wallemia_ichthyophaga_EXF-994.aa.fasta
Wallemia_sebi_CBS_633.66.Walse1.v1.aa.fasta
Wilcoxina_mikolae_CBS_423.85.Wilmi1.v1.aa.fasta
Wolfiporia_cocos_MD-104_SS10.Wolco1.v1.aa.fasta
Xanthoria_parietina_46-1.Xanpa2.v1.1.aa.fasta
Xylona_heveae_TC161.Xylhe1.v1.aa.fasta
Yarrowia_lipolytica_CLIB122.aa.fasta
Zasmidium_cellare_ATCC_36951.Zasce1.v1.aa.fasta
Zopfia_rhizophila_CBS_207.26.Zoprh1.v1.aa.fasta
Zygosaccharomyces_rouxii_CBS_732.aa.fasta
Zymoseptoria_pseudotritici_STIR04_4.3.1.Zymps1.aa.fasta
